"year","country","team_size_all","p1","p2","p3","p4","p5","p6","total_points","total_awards","gender","gender_prop"
2024,"United States of America",6,42,41,19,40,35,15,192,6,"team_size_male",83.3333333333333
2024,"United States of America",6,42,41,19,40,35,15,192,6,"team_size_female",16.6666666666667
2024,"People's Republic of China",6,42,42,31,40,22,13,190,6,"team_size_male",100
2024,"People's Republic of China",6,42,42,31,40,22,13,190,6,"team_size_female",0
2024,"Republic of Korea",6,42,37,18,42,7,22,168,6,"team_size_male",100
2024,"Republic of Korea",6,42,37,18,42,7,22,168,6,"team_size_female",0
2024,"India",6,42,34,11,42,28,10,167,6,"team_size_male",100
2024,"India",6,42,34,11,42,28,10,167,6,"team_size_female",0
2024,"Belarus",6,42,30,10,42,36,5,165,6,"team_size_male",100
2024,"Belarus",6,42,30,10,42,36,5,165,6,"team_size_female",0
2024,"Singapore",6,42,37,7,42,29,5,162,6,"team_size_male",100
2024,"Singapore",6,42,37,7,42,29,5,162,6,"team_size_female",0
2024,"United Kingdom",6,42,33,8,42,31,6,162,6,"team_size_male",100
2024,"United Kingdom",6,42,33,8,42,31,6,162,6,"team_size_female",0
2024,"Hungary",6,42,37,16,36,23,1,155,6,"team_size_male",100
2024,"Hungary",6,42,37,16,36,23,1,155,6,"team_size_female",0
2024,"Poland",6,42,25,5,42,35,2,151,6,"team_size_male",100
2024,"Poland",6,42,25,5,42,35,2,151,6,"team_size_female",0
2024,"Türkiye",6,38,37,5,42,12,17,151,6,"team_size_male",83.3333333333333
2024,"Türkiye",6,38,37,5,42,12,17,151,6,"team_size_female",16.6666666666667
2024,"Taiwan",6,42,33,6,42,23,3,149,6,"team_size_male",100
2024,"Taiwan",6,42,33,6,42,23,3,149,6,"team_size_female",0
2024,"Romania",6,39,42,2,39,14,9,145,6,"team_size_male",83.3333333333333
2024,"Romania",6,39,42,2,39,14,9,145,6,"team_size_female",16.6666666666667
2024,"Bosnia and Herzegovina",6,42,25,3,42,29,3,144,6,"team_size_male",83.3333333333333
2024,"Bosnia and Herzegovina",6,42,25,3,42,29,3,144,6,"team_size_female",16.6666666666667
2024,"Italy",6,42,32,3,36,27,3,143,6,"team_size_male",83.3333333333333
2024,"Italy",6,42,32,3,36,27,3,143,6,"team_size_female",16.6666666666667
2024,"Japan",6,42,30,4,35,21,11,143,6,"team_size_male",100
2024,"Japan",6,42,30,4,35,21,11,143,6,"team_size_female",0
2024,"Israel",6,39,35,14,36,14,4,142,6,"team_size_male",100
2024,"Israel",6,39,35,14,36,14,4,142,6,"team_size_female",0
2024,"Mongolia",6,42,37,0,42,19,2,142,6,"team_size_male",100
2024,"Mongolia",6,42,37,0,42,19,2,142,6,"team_size_female",0
2024,"Hong Kong",6,42,37,4,42,10,5,140,6,"team_size_male",100
2024,"Hong Kong",6,42,37,4,42,10,5,140,6,"team_size_female",0
2024,"Islamic Republic of Iran",6,40,30,2,42,16,7,137,6,"team_size_male",83.3333333333333
2024,"Islamic Republic of Iran",6,40,30,2,42,16,7,137,6,"team_size_female",16.6666666666667
2024,"Brazil",6,36,42,3,38,10,5,134,6,"team_size_male",100
2024,"Brazil",6,36,42,3,38,10,5,134,6,"team_size_female",0
2024,"France",6,39,21,5,42,18,8,133,6,"team_size_male",100
2024,"France",6,39,21,5,42,18,8,133,6,"team_size_female",0
2024,"Serbia",6,42,20,14,35,17,4,132,6,"team_size_male",100
2024,"Serbia",6,42,20,14,35,17,4,132,6,"team_size_female",0
2024,"Canada",6,37,23,8,42,11,10,131,6,"team_size_male",83.3333333333333
2024,"Canada",6,37,23,8,42,11,10,131,6,"team_size_female",16.6666666666667
2024,"Mexico",6,40,17,4,36,30,2,129,6,"team_size_male",100
2024,"Mexico",6,40,17,4,36,30,2,129,6,"team_size_female",0
2024,"Austria",6,38,26,2,29,28,4,127,6,"team_size_male",100
2024,"Austria",6,38,26,2,29,28,4,127,6,"team_size_female",0
2024,"Kazakhstan",6,35,35,0,40,13,4,127,6,"team_size_male",100
2024,"Kazakhstan",6,35,35,0,40,13,4,127,6,"team_size_female",0
2024,"Bulgaria",6,42,15,4,42,20,3,126,6,"team_size_male",83.3333333333333
2024,"Bulgaria",6,42,15,4,42,20,3,126,6,"team_size_female",16.6666666666667
2024,"Greece",6,42,21,2,42,15,4,126,6,"team_size_male",100
2024,"Greece",6,42,21,2,42,15,4,126,6,"team_size_female",0
2024,"Kyrgyzstan",6,30,21,0,42,27,2,122,6,"team_size_male",100
2024,"Kyrgyzstan",6,30,21,0,42,27,2,122,6,"team_size_female",0
2024,"Peru",6,42,25,0,35,16,4,122,6,"team_size_male",83.3333333333333
2024,"Peru",6,42,25,0,35,16,4,122,6,"team_size_female",16.6666666666667
2024,"Germany",6,40,27,2,32,19,0,120,6,"team_size_male",83.3333333333333
2024,"Germany",6,40,27,2,32,19,0,120,6,"team_size_female",16.6666666666667
2024,"New Zealand",6,42,14,0,42,22,0,120,6,"team_size_male",83.3333333333333
2024,"New Zealand",6,42,14,0,42,22,0,120,6,"team_size_female",16.6666666666667
2024,"Malaysia",6,42,21,1,42,10,2,118,6,"team_size_male",83.3333333333333
2024,"Malaysia",6,42,21,1,42,10,2,118,6,"team_size_female",16.6666666666667
2024,"Vietnam",6,36,26,2,42,8,4,118,6,"team_size_male",100
2024,"Vietnam",6,36,26,2,42,8,4,118,6,"team_size_female",0
2024,"Croatia",6,40,11,0,42,20,3,116,6,"team_size_male",100
2024,"Croatia",6,40,11,0,42,20,3,116,6,"team_size_female",0
2024,"Slovakia",6,38,15,5,28,29,1,116,6,"team_size_male",66.6666666666667
2024,"Slovakia",6,38,15,5,28,29,1,116,6,"team_size_female",33.3333333333333
2024,"Thailand",6,38,32,1,35,8,2,116,6,"team_size_male",100
2024,"Thailand",6,38,32,1,35,8,2,116,6,"team_size_female",0
2024,"Armenia",6,35,21,2,40,14,1,113,6,"team_size_male",100
2024,"Armenia",6,35,21,2,40,14,1,113,6,"team_size_female",0
2024,"Australia",6,37,21,3,42,9,1,113,6,"team_size_male",33.3333333333333
2024,"Australia",6,37,21,3,42,9,1,113,6,"team_size_female",66.6666666666667
2024,"Ukraine",6,38,22,1,35,17,0,113,6,"team_size_male",66.6666666666667
2024,"Ukraine",6,38,22,1,35,17,0,113,6,"team_size_female",33.3333333333333
2024,"Indonesia",6,42,17,0,42,9,1,111,6,"team_size_male",100
2024,"Indonesia",6,42,17,0,42,9,1,111,6,"team_size_female",0
2024,"Saudi Arabia",6,39,18,2,42,10,0,111,6,"team_size_male",100
2024,"Saudi Arabia",6,39,18,2,42,10,0,111,6,"team_size_female",0
2024,"Uzbekistan",6,36,20,1,35,18,0,110,5,"team_size_male",83.3333333333333
2024,"Uzbekistan",6,36,20,1,35,18,0,110,5,"team_size_female",16.6666666666667
2024,"Netherlands",6,37,18,0,37,16,1,109,6,"team_size_male",100
2024,"Netherlands",6,37,18,0,37,16,1,109,6,"team_size_female",0
2024,"Georgia",6,39,15,1,36,15,2,108,5,"team_size_male",100
2024,"Georgia",6,39,15,1,36,15,2,108,5,"team_size_female",0
2024,"North Macedonia",6,38,12,1,41,13,2,107,6,"team_size_male",100
2024,"North Macedonia",6,38,12,1,41,13,2,107,6,"team_size_female",0
2024,"Turkmenistan",6,33,15,1,42,15,1,107,6,"team_size_male",100
2024,"Turkmenistan",6,33,15,1,42,15,1,107,6,"team_size_female",0
2024,"Switzerland",6,42,12,2,36,14,0,106,6,"team_size_male",83.3333333333333
2024,"Switzerland",6,42,12,2,36,14,0,106,6,"team_size_female",16.6666666666667
2024,"Czech Republic",6,36,8,0,42,16,1,103,6,"team_size_male",50
2024,"Czech Republic",6,36,8,0,42,16,1,103,6,"team_size_female",50
2024,"Philippines",6,40,13,1,35,13,0,102,6,"team_size_male",100
2024,"Philippines",6,40,13,1,35,13,0,102,6,"team_size_female",0
2024,"Sweden",6,41,13,1,30,14,3,102,6,"team_size_male",83.3333333333333
2024,"Sweden",6,41,13,1,30,14,3,102,6,"team_size_female",16.6666666666667
2024,"Lithuania",5,35,9,6,30,14,0,94,5,"team_size_male",60
2024,"Lithuania",5,35,9,6,30,14,0,94,5,"team_size_female",40
2024,"South Africa",6,34,8,0,35,16,0,93,4,"team_size_male",66.6666666666667
2024,"South Africa",6,34,8,0,35,16,0,93,4,"team_size_female",33.3333333333333
2024,"Slovenia",6,40,5,0,37,8,2,92,5,"team_size_male",66.6666666666667
2024,"Slovenia",6,40,5,0,37,8,2,92,5,"team_size_female",33.3333333333333
2024,"Estonia",6,30,13,0,29,19,0,91,6,"team_size_male",100
2024,"Estonia",6,30,13,0,29,19,0,91,6,"team_size_female",0
2024,"Argentina",6,36,15,0,17,21,1,90,5,"team_size_male",83.3333333333333
2024,"Argentina",6,36,15,0,17,21,1,90,5,"team_size_female",16.6666666666667
2024,"Cyprus",6,31,9,0,37,9,2,88,6,"team_size_male",66.6666666666667
2024,"Cyprus",6,31,9,0,37,9,2,88,6,"team_size_female",33.3333333333333
2024,"Denmark",6,42,4,1,27,14,0,88,6,"team_size_male",83.3333333333333
2024,"Denmark",6,42,4,1,27,14,0,88,6,"team_size_female",16.6666666666667
2024,"Colombia",6,35,5,0,35,12,0,87,6,"team_size_male",83.3333333333333
2024,"Colombia",6,35,5,0,35,12,0,87,6,"team_size_female",16.6666666666667
2024,"Latvia",6,32,6,0,35,14,0,87,6,"team_size_male",100
2024,"Latvia",6,32,6,0,35,14,0,87,6,"team_size_female",0
2024,"Algeria",6,30,11,0,36,8,1,86,5,"team_size_male",100
2024,"Algeria",6,30,11,0,36,8,1,86,5,"team_size_female",0
2024,"Finland",6,40,6,2,17,19,1,85,5,"team_size_male",66.6666666666667
2024,"Finland",6,40,6,2,17,19,1,85,5,"team_size_female",33.3333333333333
2024,"Norway",6,36,8,0,24,17,0,85,6,"team_size_male",100
2024,"Norway",6,36,8,0,24,17,0,85,6,"team_size_female",0
2024,"Republic of Moldova",5,31,8,2,29,14,0,84,5,"team_size_male",80
2024,"Republic of Moldova",5,31,8,2,29,14,0,84,5,"team_size_female",20
2024,"Bangladesh",6,33,8,0,28,14,0,83,6,"team_size_male",83.3333333333333
2024,"Bangladesh",6,33,8,0,28,14,0,83,6,"team_size_female",16.6666666666667
2024,"Costa Rica",6,29,2,0,35,16,0,82,5,"team_size_male",83.3333333333333
2024,"Costa Rica",6,29,2,0,35,16,0,82,5,"team_size_female",16.6666666666667
2024,"Belgium",6,38,11,0,22,9,0,80,4,"team_size_male",100
2024,"Belgium",6,38,11,0,22,9,0,80,4,"team_size_female",0
2024,"Spain",6,37,17,1,10,13,2,80,5,"team_size_male",100
2024,"Spain",6,37,17,1,10,13,2,80,5,"team_size_female",0
2024,"Tajikistan",6,29,8,0,33,9,1,80,5,"team_size_male",100
2024,"Tajikistan",6,29,8,0,33,9,1,80,5,"team_size_female",0
2024,"Portugal",6,37,10,2,11,11,0,71,5,"team_size_male",83.3333333333333
2024,"Portugal",6,37,10,2,11,11,0,71,5,"team_size_female",16.6666666666667
2024,"Sri Lanka",6,42,4,0,17,8,0,71,6,"team_size_male",100
2024,"Sri Lanka",6,42,4,0,17,8,0,71,6,"team_size_female",0
2024,"Cuba",6,36,0,0,31,0,1,68,5,"team_size_male",66.6666666666667
2024,"Cuba",6,36,0,0,31,0,1,68,5,"team_size_female",33.3333333333333
2024,"Ireland",6,34,3,0,22,8,0,67,4,"team_size_male",100
2024,"Ireland",6,34,3,0,22,8,0,67,4,"team_size_female",0
2024,"Tunisia",6,28,4,0,28,7,0,67,4,"team_size_male",100
2024,"Tunisia",6,28,4,0,28,7,0,67,4,"team_size_female",0
2024,"Azerbaijan",6,36,10,0,17,1,0,64,6,"team_size_male",83.3333333333333
2024,"Azerbaijan",6,36,10,0,17,1,0,64,6,"team_size_female",16.6666666666667
2024,"Pakistan",6,28,7,1,19,9,0,64,3,"team_size_male",100
2024,"Pakistan",6,28,7,1,19,9,0,64,3,"team_size_female",0
2024,"Syria",6,36,7,0,21,0,0,64,5,"team_size_male",100
2024,"Syria",6,36,7,0,21,0,0,64,5,"team_size_female",0
2024,"Luxembourg",6,34,2,0,16,8,0,60,4,"team_size_male",33.3333333333333
2024,"Luxembourg",6,34,2,0,16,8,0,60,4,"team_size_female",66.6666666666667
2024,"Macau",6,28,0,0,21,7,0,56,5,"team_size_male",83.3333333333333
2024,"Macau",6,28,0,0,21,7,0,56,5,"team_size_female",16.6666666666667
2024,"Albania",6,19,2,0,29,1,0,51,4,"team_size_male",83.3333333333333
2024,"Albania",6,19,2,0,29,1,0,51,4,"team_size_female",16.6666666666667
2024,"Iraq",5,23,4,0,16,7,0,50,3,"team_size_male",80
2024,"Iraq",5,23,4,0,16,7,0,50,3,"team_size_female",20
2024,"Kosovo",6,30,3,0,13,2,0,48,4,"team_size_male",83.3333333333333
2024,"Kosovo",6,30,3,0,13,2,0,48,4,"team_size_female",16.6666666666667
2024,"Uruguay",6,28,1,0,18,1,0,48,3,"team_size_male",83.3333333333333
2024,"Uruguay",6,28,1,0,18,1,0,48,3,"team_size_female",16.6666666666667
2024,"Ecuador",6,19,0,0,13,14,0,46,3,"team_size_male",100
2024,"Ecuador",6,19,0,0,13,14,0,46,3,"team_size_female",0
2024,"Dominican Republic",6,24,0,0,7,8,0,39,3,"team_size_male",100
2024,"Dominican Republic",6,24,0,0,7,8,0,39,3,"team_size_female",0
2024,"Rwanda",6,31,0,0,7,1,0,39,4,"team_size_male",66.6666666666667
2024,"Rwanda",6,31,0,0,7,1,0,39,4,"team_size_female",33.3333333333333
2024,"Trinidad and Tobago",5,19,1,0,9,8,0,37,2,"team_size_male",100
2024,"Trinidad and Tobago",5,19,1,0,9,8,0,37,2,"team_size_female",0
2024,"Iceland",6,11,1,0,10,13,0,35,2,"team_size_male",66.6666666666667
2024,"Iceland",6,11,1,0,10,13,0,35,2,"team_size_female",33.3333333333333
2024,"Myanmar",6,16,0,0,14,0,0,30,3,"team_size_male",66.6666666666667
2024,"Myanmar",6,16,0,0,14,0,0,30,3,"team_size_female",33.3333333333333
2024,"Nepal",6,19,1,0,7,1,0,28,2,"team_size_male",100
2024,"Nepal",6,19,1,0,7,1,0,28,2,"team_size_female",0
2024,"Bolivia",4,15,2,0,8,0,1,26,2,"team_size_male",75
2024,"Bolivia",4,15,2,0,8,0,1,26,2,"team_size_female",25
2024,"Uganda",6,10,0,0,11,1,0,22,1,"team_size_male",66.6666666666667
2024,"Uganda",6,10,0,0,11,1,0,22,1,"team_size_female",33.3333333333333
2024,"Paraguay",4,10,0,0,9,1,0,20,1,"team_size_male",100
2024,"Paraguay",4,10,0,0,9,1,0,20,1,"team_size_female",0
2024,"Ivory Coast",6,14,0,0,4,1,0,19,0,"team_size_male",83.3333333333333
2024,"Ivory Coast",6,14,0,0,4,1,0,19,0,"team_size_female",16.6666666666667
2024,"Puerto Rico",3,15,0,0,1,2,0,18,1,"team_size_male",66.6666666666667
2024,"Puerto Rico",3,15,0,0,1,2,0,18,1,"team_size_female",33.3333333333333
2024,"Chile",2,10,0,0,0,7,0,17,1,"team_size_male",100
2024,"Chile",2,10,0,0,0,7,0,17,1,"team_size_female",0
2024,"El Salvador",3,7,0,0,9,1,0,17,1,"team_size_male",66.6666666666667
2024,"El Salvador",3,7,0,0,9,1,0,17,1,"team_size_female",33.3333333333333
2024,"Nicaragua",1,7,1,0,7,1,0,16,1,"team_size_male",100
2024,"Nicaragua",1,7,1,0,7,1,0,16,1,"team_size_female",0
2024,"Botswana",6,14,0,0,1,0,0,15,1,"team_size_male",83.3333333333333
2024,"Botswana",6,14,0,0,1,0,0,15,1,"team_size_female",16.6666666666667
2024,"Liechtenstein",1,7,0,0,7,0,0,14,1,"team_size_male",100
2024,"Liechtenstein",1,7,0,0,7,0,0,14,1,"team_size_female",0
2024,"Venezuela",3,6,0,0,4,4,0,14,0,"team_size_male",66.6666666666667
2024,"Venezuela",3,6,0,0,4,4,0,14,0,"team_size_female",33.3333333333333
2024,"Panama",1,3,0,0,7,0,0,10,1,"team_size_male",100
2024,"Panama",1,3,0,0,7,0,0,10,1,"team_size_female",0
2024,"Bhutan",5,4,0,0,1,3,0,8,0,"team_size_male",100
2024,"Bhutan",5,4,0,0,1,3,0,8,0,"team_size_female",0
2024,"Kenya",5,6,0,0,0,1,0,7,0,"team_size_male",100
2024,"Kenya",5,6,0,0,0,1,0,7,0,"team_size_female",0
2024,"Ghana",6,4,0,0,0,0,0,4,0,"team_size_male",33.3333333333333
2024,"Ghana",6,4,0,0,0,0,0,4,0,"team_size_female",66.6666666666667
2024,"Oman",6,2,0,0,0,2,0,4,0,"team_size_male",0
2024,"Oman",6,2,0,0,0,2,0,4,0,"team_size_female",100
2024,"Honduras",1,1,0,0,0,0,0,1,0,"team_size_male",100
2024,"Honduras",1,1,0,0,0,0,0,1,0,"team_size_female",0
2024,"United Arab Emirates",4,1,0,0,0,0,0,1,0,"team_size_male",50
2024,"United Arab Emirates",4,1,0,0,0,0,0,1,0,"team_size_female",50
2023,"People's Republic of China",6,42,42,42,42,42,30,240,6,"team_size_male",100
2023,"People's Republic of China",6,42,42,42,42,42,30,240,6,"team_size_female",0
2023,"United States of America",6,42,42,42,42,37,17,222,6,"team_size_male",100
2023,"United States of America",6,42,42,42,42,37,17,222,6,"team_size_female",0
2023,"Republic of Korea",6,42,40,42,42,33,16,215,6,"team_size_male",100
2023,"Republic of Korea",6,42,40,42,42,33,16,215,6,"team_size_female",0
2023,"Romania",6,42,42,42,42,24,16,208,6,"team_size_male",100
2023,"Romania",6,42,42,42,42,24,16,208,6,"team_size_female",0
2023,"Canada",6,42,29,25,42,38,7,183,6,"team_size_male",100
2023,"Canada",6,42,29,25,42,38,7,183,6,"team_size_female",0
2023,"Japan",6,42,32,27,42,32,6,181,6,"team_size_male",100
2023,"Japan",6,42,32,27,42,32,6,181,6,"team_size_female",0
2023,"Vietnam",6,42,42,21,42,28,5,180,6,"team_size_male",100
2023,"Vietnam",6,42,42,21,42,28,5,180,6,"team_size_female",0
2023,"Türkiye",6,42,42,29,42,13,8,176,6,"team_size_male",83.3333333333333
2023,"Türkiye",6,42,42,29,42,13,8,176,6,"team_size_female",16.6666666666667
2023,"India",6,41,35,25,42,26,5,174,6,"team_size_male",100
2023,"India",6,41,35,25,42,26,5,174,6,"team_size_female",0
2023,"Taiwan",6,42,36,13,42,38,2,173,6,"team_size_male",100
2023,"Taiwan",6,42,36,13,42,38,2,173,6,"team_size_female",0
2023,"Islamic Republic of Iran",6,42,42,26,42,16,4,172,6,"team_size_male",100
2023,"Islamic Republic of Iran",6,42,42,26,42,16,4,172,6,"team_size_female",0
2023,"Singapore",6,42,42,20,36,29,2,171,6,"team_size_male",100
2023,"Singapore",6,42,42,20,36,29,2,171,6,"team_size_female",0
2023,"United Kingdom",6,42,30,22,39,34,0,167,6,"team_size_male",100
2023,"United Kingdom",6,42,30,22,39,34,0,167,6,"team_size_female",0
2023,"Israel",6,39,18,28,42,33,3,163,6,"team_size_male",100
2023,"Israel",6,39,18,28,42,33,3,163,6,"team_size_female",0
2023,"Mexico",6,42,31,22,42,24,2,163,6,"team_size_male",100
2023,"Mexico",6,42,31,22,42,24,2,163,6,"team_size_female",0
2023,"Brazil",6,42,38,8,42,29,2,161,6,"team_size_male",100
2023,"Brazil",6,42,38,8,42,29,2,161,6,"team_size_female",0
2023,"Belarus",6,42,36,14,42,23,2,159,6,"team_size_male",100
2023,"Belarus",6,42,36,14,42,23,2,159,6,"team_size_female",0
2023,"Italy",6,38,41,8,42,29,1,159,6,"team_size_male",100
2023,"Italy",6,38,41,8,42,29,1,159,6,"team_size_female",0
2023,"Thailand",6,42,31,24,37,24,0,158,6,"team_size_male",100
2023,"Thailand",6,42,31,24,37,24,0,158,6,"team_size_female",0
2023,"Germany",6,42,38,11,36,29,0,156,6,"team_size_male",100
2023,"Germany",6,42,38,11,36,29,0,156,6,"team_size_female",0
2023,"Kazakhstan",6,42,42,17,41,12,0,154,6,"team_size_male",100
2023,"Kazakhstan",6,42,42,17,41,12,0,154,6,"team_size_female",0
2023,"Hungary",6,42,26,11,42,32,0,153,6,"team_size_male",83.3333333333333
2023,"Hungary",6,42,26,11,42,32,0,153,6,"team_size_female",16.6666666666667
2023,"Australia",6,42,38,13,36,19,4,152,6,"team_size_male",66.6666666666667
2023,"Australia",6,42,38,13,36,19,4,152,6,"team_size_female",33.3333333333333
2023,"Hong Kong",6,42,16,20,42,27,4,151,6,"team_size_male",100
2023,"Hong Kong",6,42,16,20,42,27,4,151,6,"team_size_female",0
2023,"Bulgaria",6,42,29,10,42,22,4,149,6,"team_size_male",100
2023,"Bulgaria",6,42,29,10,42,22,4,149,6,"team_size_female",0
2023,"Greece",6,37,34,12,42,20,0,145,6,"team_size_male",100
2023,"Greece",6,37,34,12,42,20,0,145,6,"team_size_female",0
2023,"Philippines",6,41,28,4,42,30,0,145,6,"team_size_male",100
2023,"Philippines",6,41,28,4,42,30,0,145,6,"team_size_female",0
2023,"France",6,42,31,5,42,20,2,142,6,"team_size_male",100
2023,"France",6,42,31,5,42,20,2,142,6,"team_size_female",0
2023,"Netherlands",6,42,29,1,42,25,0,139,6,"team_size_male",100
2023,"Netherlands",6,42,29,1,42,25,0,139,6,"team_size_female",0
2023,"Mongolia",6,42,32,7,42,15,0,138,6,"team_size_male",100
2023,"Mongolia",6,42,32,7,42,15,0,138,6,"team_size_female",0
2023,"Ukraine",6,42,27,8,37,20,0,134,6,"team_size_male",33.3333333333333
2023,"Ukraine",6,42,27,8,37,20,0,134,6,"team_size_female",66.6666666666667
2023,"Armenia",6,42,31,6,42,12,0,133,6,"team_size_male",100
2023,"Armenia",6,42,31,6,42,12,0,133,6,"team_size_female",0
2023,"Peru",6,37,34,6,36,15,5,133,5,"team_size_male",100
2023,"Peru",6,37,34,6,36,15,5,133,5,"team_size_female",0
2023,"Poland",6,42,21,1,41,28,0,133,6,"team_size_male",100
2023,"Poland",6,42,21,1,41,28,0,133,6,"team_size_female",0
2023,"Spain",6,38,24,4,36,28,1,131,6,"team_size_male",100
2023,"Spain",6,38,24,4,36,28,1,131,6,"team_size_female",0
2023,"Bosnia and Herzegovina",6,42,37,0,35,16,0,130,6,"team_size_male",100
2023,"Bosnia and Herzegovina",6,42,37,0,35,16,0,130,6,"team_size_female",0
2023,"Saudi Arabia",6,42,33,3,36,16,0,130,6,"team_size_male",100
2023,"Saudi Arabia",6,42,33,3,36,16,0,130,6,"team_size_female",0
2023,"Georgia",6,42,17,11,42,16,1,129,6,"team_size_male",83.3333333333333
2023,"Georgia",6,42,17,11,42,16,1,129,6,"team_size_female",16.6666666666667
2023,"Indonesia",6,42,22,2,42,20,0,128,6,"team_size_male",83.3333333333333
2023,"Indonesia",6,42,22,2,42,20,0,128,6,"team_size_female",16.6666666666667
2023,"Slovakia",6,42,14,6,42,24,0,128,6,"team_size_male",83.3333333333333
2023,"Slovakia",6,42,14,6,42,24,0,128,6,"team_size_female",16.6666666666667
2023,"North Macedonia",6,42,28,8,36,11,2,127,6,"team_size_male",100
2023,"North Macedonia",6,42,28,8,36,11,2,127,6,"team_size_female",0
2023,"Serbia",6,30,23,4,37,25,1,120,6,"team_size_male",100
2023,"Serbia",6,30,23,4,37,25,1,120,6,"team_size_female",0
2023,"Switzerland",6,37,20,11,30,17,2,117,5,"team_size_male",83.3333333333333
2023,"Switzerland",6,37,20,11,30,17,2,117,5,"team_size_female",16.6666666666667
2023,"Malaysia",6,37,19,8,32,18,0,114,6,"team_size_male",83.3333333333333
2023,"Malaysia",6,37,19,8,32,18,0,114,6,"team_size_female",16.6666666666667
2023,"Czech Republic",6,39,8,2,36,27,0,112,5,"team_size_male",83.3333333333333
2023,"Czech Republic",6,39,8,2,36,27,0,112,5,"team_size_female",16.6666666666667
2023,"Bangladesh",6,37,25,6,36,6,0,110,5,"team_size_male",83.3333333333333
2023,"Bangladesh",6,37,25,6,36,6,0,110,5,"team_size_female",16.6666666666667
2023,"Estonia",6,42,22,3,28,13,0,108,6,"team_size_male",100
2023,"Estonia",6,42,22,3,28,13,0,108,6,"team_size_female",0
2023,"Macau",6,40,15,1,36,15,0,107,6,"team_size_male",100
2023,"Macau",6,40,15,1,36,15,0,107,6,"team_size_female",0
2023,"Austria",6,42,18,5,25,16,0,106,6,"team_size_male",100
2023,"Austria",6,42,18,5,25,16,0,106,6,"team_size_female",0
2023,"Uzbekistan",6,39,24,0,37,6,0,106,6,"team_size_male",100
2023,"Uzbekistan",6,39,24,0,37,6,0,106,6,"team_size_female",0
2023,"South Africa",6,40,12,0,36,17,0,105,6,"team_size_male",83.3333333333333
2023,"South Africa",6,40,12,0,36,17,0,105,6,"team_size_female",16.6666666666667
2023,"Croatia",6,42,12,4,32,13,0,103,6,"team_size_male",66.6666666666667
2023,"Croatia",6,42,12,4,32,13,0,103,6,"team_size_female",33.3333333333333
2023,"Cyprus",6,42,23,3,31,4,0,103,6,"team_size_male",100
2023,"Cyprus",6,42,23,3,31,4,0,103,6,"team_size_female",0
2023,"Azerbaijan",6,42,14,2,36,6,2,102,6,"team_size_male",83.3333333333333
2023,"Azerbaijan",6,42,14,2,36,6,2,102,6,"team_size_female",16.6666666666667
2023,"Latvia",6,42,14,1,22,22,0,101,6,"team_size_male",83.3333333333333
2023,"Latvia",6,42,14,1,22,22,0,101,6,"team_size_female",16.6666666666667
2023,"Republic of Moldova",6,39,14,1,42,3,2,101,6,"team_size_male",100
2023,"Republic of Moldova",6,39,14,1,42,3,2,101,6,"team_size_female",0
2023,"Algeria",6,36,21,2,31,8,2,100,6,"team_size_male",100
2023,"Algeria",6,36,21,2,31,8,2,100,6,"team_size_female",0
2023,"Denmark",6,37,9,5,30,14,2,97,5,"team_size_male",66.6666666666667
2023,"Denmark",6,37,9,5,30,14,2,97,5,"team_size_female",33.3333333333333
2023,"Argentina",6,38,20,5,24,9,0,96,5,"team_size_male",100
2023,"Argentina",6,38,20,5,24,9,0,96,5,"team_size_female",0
2023,"Sweden",6,32,11,3,33,15,2,96,5,"team_size_male",83.3333333333333
2023,"Sweden",6,32,11,3,33,15,2,96,5,"team_size_female",16.6666666666667
2023,"Syria",6,42,16,0,29,8,0,95,6,"team_size_male",100
2023,"Syria",6,42,16,0,29,8,0,95,6,"team_size_female",0
2023,"Norway",6,42,4,1,35,12,0,94,6,"team_size_male",83.3333333333333
2023,"Norway",6,42,4,1,35,12,0,94,6,"team_size_female",16.6666666666667
2023,"Belgium",6,41,10,1,30,10,0,92,6,"team_size_male",100
2023,"Belgium",6,41,10,1,30,10,0,92,6,"team_size_female",0
2023,"Finland",6,36,13,0,24,18,0,91,6,"team_size_male",66.6666666666667
2023,"Finland",6,36,13,0,24,18,0,91,6,"team_size_female",33.3333333333333
2023,"Lithuania",6,42,3,8,24,14,0,91,6,"team_size_male",100
2023,"Lithuania",6,42,3,8,24,14,0,91,6,"team_size_female",0
2023,"New Zealand",6,42,9,0,31,9,0,91,6,"team_size_male",83.3333333333333
2023,"New Zealand",6,42,9,0,31,9,0,91,6,"team_size_female",16.6666666666667
2023,"Slovenia",6,42,11,0,32,6,0,91,6,"team_size_male",66.6666666666667
2023,"Slovenia",6,42,11,0,32,6,0,91,6,"team_size_female",33.3333333333333
2023,"Morocco",6,40,11,0,30,2,0,83,6,"team_size_male",83.3333333333333
2023,"Morocco",6,40,11,0,30,2,0,83,6,"team_size_female",16.6666666666667
2023,"Turkmenistan",6,39,25,1,18,0,0,83,5,"team_size_male",100
2023,"Turkmenistan",6,39,25,1,18,0,0,83,5,"team_size_female",0
2023,"Sri Lanka",6,39,6,3,24,8,0,80,6,"team_size_male",100
2023,"Sri Lanka",6,39,6,3,24,8,0,80,6,"team_size_female",0
2023,"Kyrgyzstan",6,37,16,1,20,5,0,79,6,"team_size_male",100
2023,"Kyrgyzstan",6,37,16,1,20,5,0,79,6,"team_size_female",0
2023,"Colombia",6,38,8,0,24,8,0,78,5,"team_size_male",83.3333333333333
2023,"Colombia",6,38,8,0,24,8,0,78,5,"team_size_female",16.6666666666667
2023,"Tajikistan",6,32,12,0,29,2,0,75,5,"team_size_male",83.3333333333333
2023,"Tajikistan",6,32,12,0,29,2,0,75,5,"team_size_female",16.6666666666667
2023,"Portugal",6,37,11,1,18,6,0,73,5,"team_size_male",100
2023,"Portugal",6,37,11,1,18,6,0,73,5,"team_size_female",0
2023,"Tunisia",6,36,15,0,17,4,0,72,5,"team_size_male",100
2023,"Tunisia",6,36,15,0,17,4,0,72,5,"team_size_female",0
2023,"Costa Rica",6,32,11,0,23,3,0,69,5,"team_size_male",100
2023,"Costa Rica",6,32,11,0,23,3,0,69,5,"team_size_female",0
2023,"Ireland",6,21,4,0,23,15,0,63,3,"team_size_male",83.3333333333333
2023,"Ireland",6,21,4,0,23,15,0,63,3,"team_size_female",16.6666666666667
2023,"Iceland",6,38,1,0,7,12,0,58,5,"team_size_male",100
2023,"Iceland",6,38,1,0,7,12,0,58,5,"team_size_female",0
2023,"Bolivia",6,17,15,1,16,4,0,53,4,"team_size_male",83.3333333333333
2023,"Bolivia",6,17,15,1,16,4,0,53,4,"team_size_female",16.6666666666667
2023,"Albania",6,32,10,0,5,1,0,48,4,"team_size_male",83.3333333333333
2023,"Albania",6,32,10,0,5,1,0,48,4,"team_size_female",16.6666666666667
2023,"Pakistan",6,20,10,1,10,1,0,42,2,"team_size_male",100
2023,"Pakistan",6,20,10,1,10,1,0,42,2,"team_size_female",0
2023,"Paraguay",4,27,1,0,10,3,0,41,4,"team_size_male",75
2023,"Paraguay",4,27,1,0,10,3,0,41,4,"team_size_female",25
2023,"Uruguay",3,21,3,1,10,2,0,37,3,"team_size_male",100
2023,"Uruguay",3,21,3,1,10,2,0,37,3,"team_size_female",0
2023,"United Arab Emirates",6,16,7,0,8,5,0,36,2,"team_size_male",50
2023,"United Arab Emirates",6,16,7,0,8,5,0,36,2,"team_size_female",50
2023,"Rwanda",6,24,0,0,11,0,0,35,3,"team_size_male",66.6666666666667
2023,"Rwanda",6,24,0,0,11,0,0,35,3,"team_size_female",33.3333333333333
2023,"El Salvador",3,21,10,0,4,0,0,35,3,"team_size_male",66.6666666666667
2023,"El Salvador",3,21,10,0,4,0,0,35,3,"team_size_female",33.3333333333333
2023,"Kosovo",6,20,6,0,6,2,0,34,2,"team_size_male",100
2023,"Kosovo",6,20,6,0,6,2,0,34,2,"team_size_female",0
2023,"Myanmar",6,18,1,0,10,3,0,32,2,"team_size_male",83.3333333333333
2023,"Myanmar",6,18,1,0,10,3,0,32,2,"team_size_female",16.6666666666667
2023,"Panama",3,21,0,0,10,0,0,31,3,"team_size_male",100
2023,"Panama",3,21,0,0,10,0,0,31,3,"team_size_female",0
2023,"Ecuador",6,18,1,0,7,1,0,27,1,"team_size_male",100
2023,"Ecuador",6,18,1,0,7,1,0,27,1,"team_size_female",0
2023,"Oman",6,10,7,1,7,2,0,27,1,"team_size_male",50
2023,"Oman",6,10,7,1,7,2,0,27,1,"team_size_female",50
2023,"Nepal",6,17,0,0,9,0,0,26,1,"team_size_male",83.3333333333333
2023,"Nepal",6,17,0,0,9,0,0,26,1,"team_size_female",16.6666666666667
2023,"Mauritania",6,12,7,0,5,0,0,24,1,"team_size_male",100
2023,"Mauritania",6,12,7,0,5,0,0,24,1,"team_size_female",0
2023,"Puerto Rico",4,17,2,0,3,2,0,24,1,"team_size_male",50
2023,"Puerto Rico",4,17,2,0,3,2,0,24,1,"team_size_female",50
2023,"Nicaragua",3,12,7,0,3,0,0,22,2,"team_size_male",100
2023,"Nicaragua",3,12,7,0,3,0,0,22,2,"team_size_female",0
2023,"Chile",3,16,0,0,2,2,0,20,2,"team_size_male",100
2023,"Chile",3,16,0,0,2,2,0,20,2,"team_size_female",0
2023,"Montenegro",4,12,0,1,1,6,0,20,1,"team_size_male",75
2023,"Montenegro",4,12,0,1,1,6,0,20,1,"team_size_female",25
2023,"Honduras",2,9,0,0,8,0,0,17,1,"team_size_male",100
2023,"Honduras",2,9,0,0,8,0,0,17,1,"team_size_female",0
2023,"Liechtenstein",2,14,0,1,0,2,0,17,2,"team_size_male",100
2023,"Liechtenstein",2,14,0,1,0,2,0,17,2,"team_size_female",0
2023,"Botswana",6,11,0,0,2,2,0,15,1,"team_size_male",66.6666666666667
2023,"Botswana",6,11,0,0,2,2,0,15,1,"team_size_female",33.3333333333333
2023,"Luxembourg",3,11,0,0,3,0,0,14,1,"team_size_male",0
2023,"Luxembourg",3,11,0,0,3,0,0,14,1,"team_size_female",100
2023,"Dominican Republic",6,9,0,0,3,1,0,13,0,"team_size_male",66.6666666666667
2023,"Dominican Republic",6,9,0,0,3,1,0,13,0,"team_size_female",33.3333333333333
2023,"Ghana",2,9,0,0,2,1,0,12,0,"team_size_male",100
2023,"Ghana",2,9,0,0,2,1,0,12,0,"team_size_female",0
2023,"Cuba",2,9,0,0,0,2,0,11,1,"team_size_male",50
2023,"Cuba",2,9,0,0,0,2,0,11,1,"team_size_female",50
2023,"Iraq",4,5,0,0,2,4,0,11,0,"team_size_male",75
2023,"Iraq",4,5,0,0,2,4,0,11,0,"team_size_female",25
2023,"Venezuela",3,9,0,0,2,0,0,11,1,"team_size_male",33.3333333333333
2023,"Venezuela",3,9,0,0,2,0,0,11,1,"team_size_female",66.6666666666667
2023,"Burkina Faso",6,7,0,0,1,0,0,8,0,"team_size_male",66.6666666666667
2023,"Burkina Faso",6,7,0,0,1,0,0,8,0,"team_size_female",33.3333333333333
2023,"Uganda",5,4,0,0,2,1,0,7,0,"team_size_male",80
2023,"Uganda",5,4,0,0,2,1,0,7,0,"team_size_female",20
2023,"Cameroon",6,6,0,0,0,0,0,6,0,"team_size_male",100
2023,"Cameroon",6,6,0,0,0,0,0,6,0,"team_size_female",0
2023,"Guatemala",2,4,0,0,1,0,0,5,0,"team_size_male",0
2023,"Guatemala",2,4,0,0,1,0,0,5,0,"team_size_female",100
2023,"Kenya",6,4,0,0,0,0,0,4,0,"team_size_male",100
2023,"Kenya",6,4,0,0,0,0,0,4,0,"team_size_female",0
2023,"Tanzania",1,0,0,0,0,0,0,0,0,"team_size_male",100
2023,"Tanzania",1,0,0,0,0,0,0,0,0,"team_size_female",0
2022,"People's Republic of China",6,42,42,42,42,42,42,252,6,"team_size_male",100
2022,"People's Republic of China",6,42,42,42,42,42,42,252,6,"team_size_female",0
2022,"Republic of Korea",6,42,42,26,42,41,15,208,6,"team_size_male",100
2022,"Republic of Korea",6,42,42,26,42,41,15,208,6,"team_size_female",0
2022,"United States of America",6,42,42,16,42,39,26,207,6,"team_size_male",100
2022,"United States of America",6,42,42,16,42,39,26,207,6,"team_size_female",0
2022,"Vietnam",6,40,42,19,42,38,15,196,6,"team_size_male",100
2022,"Vietnam",6,40,42,19,42,38,15,196,6,"team_size_female",0
2022,"Romania",6,42,41,17,42,42,10,194,6,"team_size_male",100
2022,"Romania",6,42,41,17,42,42,10,194,6,"team_size_female",0
2022,"Thailand",6,42,42,19,42,39,9,193,6,"team_size_male",100
2022,"Thailand",6,42,42,19,42,39,9,193,6,"team_size_female",0
2022,"Germany",6,42,42,16,42,39,11,192,6,"team_size_male",100
2022,"Germany",6,42,42,16,42,39,11,192,6,"team_size_female",0
2022,"Islamic Republic of Iran",6,42,41,15,42,42,9,191,6,"team_size_male",100
2022,"Islamic Republic of Iran",6,42,41,15,42,42,9,191,6,"team_size_female",0
2022,"Japan",6,41,42,14,42,40,12,191,6,"team_size_male",100
2022,"Japan",6,41,42,14,42,40,12,191,6,"team_size_female",0
2022,"Israel",6,41,42,15,42,37,11,188,6,"team_size_male",83.3333333333333
2022,"Israel",6,41,42,15,42,37,11,188,6,"team_size_female",16.6666666666667
2022,"Italy",6,40,38,12,42,40,16,188,6,"team_size_male",100
2022,"Italy",6,40,38,12,42,40,16,188,6,"team_size_female",0
2022,"Poland",6,42,38,14,42,36,11,183,6,"team_size_male",100
2022,"Poland",6,42,38,14,42,36,11,183,6,"team_size_female",0
2022,"United Kingdom",6,42,40,14,42,35,6,179,6,"team_size_male",100
2022,"United Kingdom",6,42,40,14,42,35,6,179,6,"team_size_female",0
2022,"Canada",6,42,41,15,28,37,15,178,6,"team_size_male",100
2022,"Canada",6,42,41,15,28,37,15,178,6,"team_size_female",0
2022,"Taiwan",6,42,42,6,42,34,12,178,6,"team_size_male",100
2022,"Taiwan",6,42,42,6,42,34,12,178,6,"team_size_female",0
2022,"Bulgaria",6,42,42,9,42,35,7,177,6,"team_size_male",100
2022,"Bulgaria",6,42,42,9,42,35,7,177,6,"team_size_female",0
2022,"Kazakhstan",6,42,41,4,42,41,4,174,6,"team_size_male",100
2022,"Kazakhstan",6,42,41,4,42,41,4,174,6,"team_size_female",0
2022,"Ukraine",6,41,37,10,42,36,8,174,6,"team_size_male",100
2022,"Ukraine",6,41,37,10,42,36,8,174,6,"team_size_female",0
2022,"Brazil",6,42,36,10,42,38,5,173,6,"team_size_male",100
2022,"Brazil",6,42,36,10,42,38,5,173,6,"team_size_female",0
2022,"Hong Kong",6,41,41,9,36,36,10,173,6,"team_size_male",100
2022,"Hong Kong",6,41,41,9,36,36,10,173,6,"team_size_female",0
2022,"Peru",6,41,35,10,42,38,7,173,6,"team_size_male",66.6666666666667
2022,"Peru",6,41,35,10,42,38,7,173,6,"team_size_female",33.3333333333333
2022,"Saudi Arabia",6,42,40,6,42,36,2,168,6,"team_size_male",100
2022,"Saudi Arabia",6,42,40,6,42,36,2,168,6,"team_size_female",0
2022,"Mexico",6,41,41,3,42,32,8,167,6,"team_size_male",83.3333333333333
2022,"Mexico",6,41,41,3,42,32,8,167,6,"team_size_female",16.6666666666667
2022,"India",6,38,38,6,36,40,7,165,6,"team_size_male",100
2022,"India",6,38,38,6,36,40,7,165,6,"team_size_female",0
2022,"Singapore",6,42,37,2,42,36,6,165,6,"team_size_male",66.6666666666667
2022,"Singapore",6,42,37,2,42,36,6,165,6,"team_size_female",33.3333333333333
2022,"Armenia",6,42,42,4,42,31,2,163,6,"team_size_male",100
2022,"Armenia",6,42,42,4,42,31,2,163,6,"team_size_female",0
2022,"Greece",6,42,36,2,42,40,1,163,6,"team_size_male",100
2022,"Greece",6,42,36,2,42,40,1,163,6,"team_size_female",0
2022,"Türkiye",6,42,34,8,42,36,1,163,6,"team_size_male",100
2022,"Türkiye",6,42,34,8,42,36,1,163,6,"team_size_female",0
2022,"Australia",6,37,42,3,42,34,4,162,6,"team_size_male",83.3333333333333
2022,"Australia",6,37,42,3,42,34,4,162,6,"team_size_female",16.6666666666667
2022,"Mongolia",6,42,38,3,42,32,5,162,6,"team_size_male",100
2022,"Mongolia",6,42,38,3,42,32,5,162,6,"team_size_female",0
2022,"Belarus",6,42,41,6,42,25,4,160,6,"team_size_male",100
2022,"Belarus",6,42,41,6,42,25,4,160,6,"team_size_female",0
2022,"France",6,36,42,5,42,30,3,158,6,"team_size_male",100
2022,"France",6,36,42,5,42,30,3,158,6,"team_size_female",0
2022,"Hungary",6,40,42,5,42,16,13,158,6,"team_size_male",100
2022,"Hungary",6,40,42,5,42,16,13,158,6,"team_size_female",0
2022,"Azerbaijan",6,36,39,3,42,37,0,157,6,"team_size_male",83.3333333333333
2022,"Azerbaijan",6,36,39,3,42,37,0,157,6,"team_size_female",16.6666666666667
2022,"Croatia",6,42,42,12,29,25,7,157,6,"team_size_male",100
2022,"Croatia",6,42,42,12,29,25,7,157,6,"team_size_female",0
2022,"Bosnia and Herzegovina",6,42,33,3,36,38,2,154,6,"team_size_male",83.3333333333333
2022,"Bosnia and Herzegovina",6,42,33,3,36,38,2,154,6,"team_size_female",16.6666666666667
2022,"Serbia",6,36,38,5,42,29,3,153,6,"team_size_male",100
2022,"Serbia",6,36,38,5,42,29,3,153,6,"team_size_female",0
2022,"Indonesia",6,39,33,7,42,30,0,151,6,"team_size_male",66.6666666666667
2022,"Indonesia",6,39,33,7,42,30,0,151,6,"team_size_female",33.3333333333333
2022,"North Macedonia",6,42,30,1,42,32,1,148,6,"team_size_male",83.3333333333333
2022,"North Macedonia",6,42,30,1,42,32,1,148,6,"team_size_female",16.6666666666667
2022,"Netherlands",6,42,33,7,42,16,5,145,6,"team_size_male",100
2022,"Netherlands",6,42,33,7,42,16,5,145,6,"team_size_female",0
2022,"Switzerland",6,40,37,2,42,23,1,145,6,"team_size_male",83.3333333333333
2022,"Switzerland",6,40,37,2,42,23,1,145,6,"team_size_female",16.6666666666667
2022,"Argentina",6,37,33,5,32,28,4,139,6,"team_size_male",100
2022,"Argentina",6,37,33,5,32,28,4,139,6,"team_size_female",0
2022,"Spain",6,40,38,1,29,30,1,139,6,"team_size_male",100
2022,"Spain",6,40,38,1,29,30,1,139,6,"team_size_female",0
2022,"Malaysia",6,34,25,10,35,28,5,137,6,"team_size_male",83.3333333333333
2022,"Malaysia",6,34,25,10,35,28,5,137,6,"team_size_female",16.6666666666667
2022,"Portugal",6,40,33,2,35,26,1,137,6,"team_size_male",83.3333333333333
2022,"Portugal",6,40,33,2,35,26,1,137,6,"team_size_female",16.6666666666667
2022,"Slovakia",6,40,42,4,29,12,9,136,6,"team_size_male",83.3333333333333
2022,"Slovakia",6,40,42,4,29,12,9,136,6,"team_size_female",16.6666666666667
2022,"Republic of Moldova",6,40,27,0,42,24,2,135,6,"team_size_male",83.3333333333333
2022,"Republic of Moldova",6,40,27,0,42,24,2,135,6,"team_size_female",16.6666666666667
2022,"Lithuania",6,42,34,2,29,22,0,129,6,"team_size_male",100
2022,"Lithuania",6,42,34,2,29,22,0,129,6,"team_size_female",0
2022,"Macau",6,32,29,2,42,22,0,127,6,"team_size_male",100
2022,"Macau",6,32,29,2,42,22,0,127,6,"team_size_female",0
2022,"Estonia",6,42,27,2,32,20,1,124,6,"team_size_male",83.3333333333333
2022,"Estonia",6,42,27,2,32,20,1,124,6,"team_size_female",16.6666666666667
2022,"Uzbekistan",6,23,19,0,42,40,0,124,6,"team_size_male",100
2022,"Uzbekistan",6,23,19,0,42,40,0,124,6,"team_size_female",0
2022,"Czech Republic",6,41,34,1,23,15,8,122,6,"team_size_male",100
2022,"Czech Republic",6,41,34,1,23,15,8,122,6,"team_size_female",0
2022,"Denmark",6,41,27,1,35,14,3,121,6,"team_size_male",83.3333333333333
2022,"Denmark",6,41,27,1,35,14,3,121,6,"team_size_female",16.6666666666667
2022,"Georgia",6,39,29,0,30,21,2,121,6,"team_size_male",100
2022,"Georgia",6,39,29,0,30,21,2,121,6,"team_size_female",0
2022,"Philippines",6,41,25,1,36,16,0,119,6,"team_size_male",100
2022,"Philippines",6,41,25,1,36,16,0,119,6,"team_size_female",0
2022,"Austria",6,42,37,2,22,15,0,118,6,"team_size_male",83.3333333333333
2022,"Austria",6,42,37,2,22,15,0,118,6,"team_size_female",16.6666666666667
2022,"Bangladesh",6,31,19,0,42,22,1,115,6,"team_size_male",83.3333333333333
2022,"Bangladesh",6,31,19,0,42,22,1,115,6,"team_size_female",16.6666666666667
2022,"New Zealand",6,41,15,1,35,15,1,108,6,"team_size_male",83.3333333333333
2022,"New Zealand",6,41,15,1,35,15,1,108,6,"team_size_female",16.6666666666667
2022,"Tajikistan",6,23,22,0,42,19,1,107,6,"team_size_male",83.3333333333333
2022,"Tajikistan",6,23,22,0,42,19,1,107,6,"team_size_female",16.6666666666667
2022,"Sweden",6,39,29,1,25,9,3,106,6,"team_size_male",100
2022,"Sweden",6,39,29,1,25,9,3,106,6,"team_size_female",0
2022,"Norway",6,41,21,0,21,19,1,103,5,"team_size_male",100
2022,"Norway",6,41,21,0,21,19,1,103,5,"team_size_female",0
2022,"Finland",6,34,30,0,25,12,0,101,5,"team_size_male",83.3333333333333
2022,"Finland",6,34,30,0,25,12,0,101,5,"team_size_female",16.6666666666667
2022,"Belgium",6,42,16,0,28,8,0,94,6,"team_size_male",83.3333333333333
2022,"Belgium",6,42,16,0,28,8,0,94,6,"team_size_female",16.6666666666667
2022,"Latvia",6,36,18,0,28,12,0,94,5,"team_size_male",83.3333333333333
2022,"Latvia",6,36,18,0,28,12,0,94,5,"team_size_female",16.6666666666667
2022,"South Africa",6,36,15,0,35,7,1,94,6,"team_size_male",66.6666666666667
2022,"South Africa",6,36,15,0,35,7,1,94,6,"team_size_female",33.3333333333333
2022,"Costa Rica",6,36,16,0,28,12,0,92,5,"team_size_male",66.6666666666667
2022,"Costa Rica",6,36,16,0,28,12,0,92,5,"team_size_female",33.3333333333333
2022,"Cyprus",6,41,14,0,23,7,0,85,5,"team_size_male",100
2022,"Cyprus",6,41,14,0,23,7,0,85,5,"team_size_female",0
2022,"Tunisia",6,16,22,0,42,5,0,85,6,"team_size_male",100
2022,"Tunisia",6,16,22,0,42,5,0,85,6,"team_size_female",0
2022,"Ireland",6,36,9,0,32,7,0,84,5,"team_size_male",66.6666666666667
2022,"Ireland",6,36,9,0,32,7,0,84,5,"team_size_female",33.3333333333333
2022,"Morocco",6,22,22,0,31,7,0,82,4,"team_size_male",100
2022,"Morocco",6,22,22,0,31,7,0,82,4,"team_size_female",0
2022,"Syria",6,35,10,0,28,9,0,82,6,"team_size_male",66.6666666666667
2022,"Syria",6,35,10,0,28,9,0,82,6,"team_size_female",33.3333333333333
2022,"Slovenia",6,34,14,0,22,9,0,79,4,"team_size_male",66.6666666666667
2022,"Slovenia",6,34,14,0,22,9,0,79,4,"team_size_female",33.3333333333333
2022,"Sri Lanka",5,25,2,0,35,15,0,77,5,"team_size_male",100
2022,"Sri Lanka",5,25,2,0,35,15,0,77,5,"team_size_female",0
2022,"Algeria",6,26,11,0,30,8,0,75,4,"team_size_male",83.3333333333333
2022,"Algeria",6,26,11,0,30,8,0,75,4,"team_size_female",16.6666666666667
2022,"Colombia",6,23,13,1,28,9,0,74,3,"team_size_male",83.3333333333333
2022,"Colombia",6,23,13,1,28,9,0,74,3,"team_size_female",16.6666666666667
2022,"Kyrgyzstan",6,29,10,0,29,5,0,73,4,"team_size_male",83.3333333333333
2022,"Kyrgyzstan",6,29,10,0,29,5,0,73,4,"team_size_female",16.6666666666667
2022,"Albania",6,19,8,0,31,4,0,62,3,"team_size_male",66.6666666666667
2022,"Albania",6,19,8,0,31,4,0,62,3,"team_size_female",33.3333333333333
2022,"Paraguay",6,22,5,0,30,2,0,59,4,"team_size_male",50
2022,"Paraguay",6,22,5,0,30,2,0,59,4,"team_size_female",50
2022,"Bolivia",5,25,2,0,24,4,2,57,4,"team_size_male",80
2022,"Bolivia",5,25,2,0,24,4,2,57,4,"team_size_female",20
2022,"El Salvador",3,13,10,2,21,10,0,56,3,"team_size_male",100
2022,"El Salvador",3,13,10,2,21,10,0,56,3,"team_size_female",0
2022,"Kosovo",6,12,10,0,30,3,0,55,4,"team_size_male",83.3333333333333
2022,"Kosovo",6,12,10,0,30,3,0,55,4,"team_size_female",16.6666666666667
2022,"Pakistan",6,24,12,0,16,2,0,54,3,"team_size_male",100
2022,"Pakistan",6,24,12,0,16,2,0,54,3,"team_size_female",0
2022,"Iceland",6,26,5,0,16,2,2,51,3,"team_size_male",83.3333333333333
2022,"Iceland",6,26,5,0,16,2,2,51,3,"team_size_female",16.6666666666667
2022,"Mauritania",6,2,7,0,31,2,0,42,4,"team_size_male",100
2022,"Mauritania",6,2,7,0,31,2,0,42,4,"team_size_female",0
2022,"Panama",4,22,3,0,16,1,0,42,3,"team_size_male",75
2022,"Panama",4,22,3,0,16,1,0,42,3,"team_size_female",25
2022,"Puerto Rico",6,21,4,0,11,4,0,40,1,"team_size_male",100
2022,"Puerto Rico",6,21,4,0,11,4,0,40,1,"team_size_female",0
2022,"Rwanda",6,6,7,0,19,2,0,34,1,"team_size_male",66.6666666666667
2022,"Rwanda",6,6,7,0,19,2,0,34,1,"team_size_female",33.3333333333333
2022,"Honduras",4,11,3,0,16,1,0,31,2,"team_size_male",75
2022,"Honduras",4,11,3,0,16,1,0,31,2,"team_size_female",25
2022,"Chile",4,14,4,0,6,2,1,27,1,"team_size_male",100
2022,"Chile",4,14,4,0,6,2,1,27,1,"team_size_female",0
2022,"Ecuador",6,8,0,0,18,1,0,27,2,"team_size_male",100
2022,"Ecuador",6,8,0,0,18,1,0,27,2,"team_size_female",0
2022,"Nepal",6,6,2,0,19,0,0,27,2,"team_size_male",83.3333333333333
2022,"Nepal",6,6,2,0,19,0,0,27,2,"team_size_female",16.6666666666667
2022,"Uruguay",2,13,2,0,10,2,0,27,2,"team_size_male",100
2022,"Uruguay",2,13,2,0,10,2,0,27,2,"team_size_female",0
2022,"Dominican Republic",5,9,1,0,16,0,0,26,2,"team_size_male",40
2022,"Dominican Republic",5,9,1,0,16,0,0,26,2,"team_size_female",60
2022,"Luxembourg",5,11,2,0,12,1,0,26,1,"team_size_male",40
2022,"Luxembourg",5,11,2,0,12,1,0,26,1,"team_size_female",60
2022,"Montenegro",4,10,0,0,7,6,0,23,1,"team_size_male",100
2022,"Montenegro",4,10,0,0,7,6,0,23,1,"team_size_female",0
2022,"Oman",6,7,4,0,8,0,0,19,0,"team_size_male",33.3333333333333
2022,"Oman",6,7,4,0,8,0,0,19,0,"team_size_female",66.6666666666667
2022,"Ghana",3,10,2,0,5,1,0,18,0,"team_size_male",100
2022,"Ghana",3,10,2,0,5,1,0,18,0,"team_size_female",0
2022,"Botswana",6,9,1,0,6,1,0,17,0,"team_size_male",100
2022,"Botswana",6,9,1,0,6,1,0,17,0,"team_size_female",0
2022,"Palestine",1,7,1,0,0,6,0,14,1,"team_size_male",100
2022,"Palestine",1,7,1,0,0,6,0,14,1,"team_size_female",0
2022,"Cuba",2,8,1,0,2,2,0,13,1,"team_size_male",50
2022,"Cuba",2,8,1,0,2,2,0,13,1,"team_size_female",50
2022,"Uganda",5,2,1,0,10,0,0,13,1,"team_size_male",100
2022,"Uganda",5,2,1,0,10,0,0,13,1,"team_size_female",0
2022,"Liechtenstein",1,4,1,0,7,0,0,12,1,"team_size_male",100
2022,"Liechtenstein",1,4,1,0,7,0,0,12,1,"team_size_female",0
2022,"United Arab Emirates",6,1,1,0,8,0,0,10,1,"team_size_male",66.6666666666667
2022,"United Arab Emirates",6,1,1,0,8,0,0,10,1,"team_size_female",33.3333333333333
2022,"Venezuela",2,1,1,0,4,1,0,7,0,"team_size_male",50
2022,"Venezuela",2,1,1,0,4,1,0,7,0,"team_size_female",50
2021,"People's Republic of China",6,42,16,24,42,42,42,208,6,"team_size_male",100
2021,"People's Republic of China",6,42,16,24,42,42,42,208,6,"team_size_female",0
2021,"Russian Federation",6,40,17,21,42,35,28,183,6,"team_size_male",100
2021,"Russian Federation",6,40,17,21,42,35,28,183,6,"team_size_female",0
2021,"Republic of Korea",6,40,9,10,42,35,36,172,6,"team_size_male",100
2021,"Republic of Korea",6,40,9,10,42,35,36,172,6,"team_size_female",0
2021,"United States of America",6,40,2,17,42,35,29,165,6,"team_size_male",100
2021,"United States of America",6,40,2,17,42,35,29,165,6,"team_size_female",0
2021,"Canada",6,41,8,4,42,42,14,151,6,"team_size_male",100
2021,"Canada",6,41,8,4,42,42,14,151,6,"team_size_female",0
2021,"Ukraine",6,42,12,4,42,35,14,149,6,"team_size_male",100
2021,"Ukraine",6,42,12,4,42,35,14,149,6,"team_size_female",0
2021,"Israel",6,38,22,2,42,35,0,139,6,"team_size_male",83.3333333333333
2021,"Israel",6,38,22,2,42,35,0,139,6,"team_size_female",16.6666666666667
2021,"Italy",6,41,4,9,35,42,8,139,6,"team_size_male",100
2021,"Italy",6,41,4,9,35,42,8,139,6,"team_size_female",0
2021,"Taiwan",6,41,5,9,40,29,7,131,6,"team_size_male",100
2021,"Taiwan",6,41,5,9,40,29,7,131,6,"team_size_female",0
2021,"United Kingdom",6,42,2,3,35,35,14,131,6,"team_size_male",66.6666666666667
2021,"United Kingdom",6,42,2,3,35,35,14,131,6,"team_size_female",33.3333333333333
2021,"Mongolia",6,42,1,3,42,28,14,130,6,"team_size_male",100
2021,"Mongolia",6,42,1,3,42,28,14,130,6,"team_size_female",0
2021,"Germany",6,41,16,2,37,28,5,129,6,"team_size_male",100
2021,"Germany",6,41,16,2,37,28,5,129,6,"team_size_female",0
2021,"Poland",6,34,2,1,37,42,10,126,6,"team_size_male",100
2021,"Poland",6,34,2,1,37,42,10,126,6,"team_size_female",0
2021,"Vietnam",6,42,7,24,42,10,0,125,6,"team_size_male",100
2021,"Vietnam",6,42,7,24,42,10,0,125,6,"team_size_female",0
2021,"Singapore",6,40,6,3,42,25,7,123,6,"team_size_male",66.6666666666667
2021,"Singapore",6,40,6,3,42,25,7,123,6,"team_size_female",33.3333333333333
2021,"Czech Republic",6,39,7,1,32,35,7,121,5,"team_size_male",83.3333333333333
2021,"Czech Republic",6,39,7,1,32,35,7,121,5,"team_size_female",16.6666666666667
2021,"Thailand",6,42,1,5,42,28,3,121,6,"team_size_male",100
2021,"Thailand",6,42,1,5,42,28,3,121,6,"team_size_female",0
2021,"Australia",6,34,2,2,37,35,10,120,6,"team_size_male",83.3333333333333
2021,"Australia",6,34,2,2,37,35,10,120,6,"team_size_female",16.6666666666667
2021,"Bulgaria",6,42,2,1,42,26,7,120,6,"team_size_male",100
2021,"Bulgaria",6,42,2,1,42,26,7,120,6,"team_size_female",0
2021,"Kazakhstan",6,41,13,5,37,19,2,117,6,"team_size_male",100
2021,"Kazakhstan",6,41,13,5,37,19,2,117,6,"team_size_female",0
2021,"Croatia",6,40,8,1,35,29,0,113,6,"team_size_male",100
2021,"Croatia",6,40,8,1,35,29,0,113,6,"team_size_female",0
2021,"Hong Kong",6,39,3,8,35,28,0,113,5,"team_size_male",100
2021,"Hong Kong",6,39,3,8,35,28,0,113,5,"team_size_female",0
2021,"Philippines",6,41,1,1,42,26,0,111,6,"team_size_male",100
2021,"Philippines",6,41,1,1,42,26,0,111,6,"team_size_female",0
2021,"Belarus",6,36,1,2,42,28,0,109,6,"team_size_male",83.3333333333333
2021,"Belarus",6,36,1,2,42,28,0,109,6,"team_size_female",16.6666666666667
2021,"Japan",6,42,3,1,34,21,7,108,6,"team_size_male",100
2021,"Japan",6,42,3,1,34,21,7,108,6,"team_size_female",0
2021,"India",6,29,2,4,27,27,17,106,5,"team_size_male",83.3333333333333
2021,"India",6,29,2,4,27,27,17,106,5,"team_size_female",16.6666666666667
2021,"France",6,33,8,0,36,21,7,105,5,"team_size_male",100
2021,"France",6,33,8,0,36,21,7,105,5,"team_size_female",0
2021,"Romania",6,40,3,9,37,14,2,105,6,"team_size_male",83.3333333333333
2021,"Romania",6,40,3,9,37,14,2,105,6,"team_size_female",16.6666666666667
2021,"Islamic Republic of Iran",6,39,1,3,42,19,0,104,6,"team_size_male",100
2021,"Islamic Republic of Iran",6,39,1,3,42,19,0,104,6,"team_size_female",0
2021,"Peru",6,40,2,5,42,14,0,103,6,"team_size_male",100
2021,"Peru",6,40,2,5,42,14,0,103,6,"team_size_female",0
2021,"Serbia",6,40,7,4,28,23,0,102,5,"team_size_male",100
2021,"Serbia",6,40,7,4,28,23,0,102,5,"team_size_female",0
2021,"Hungary",6,41,13,1,7,35,4,101,6,"team_size_male",83.3333333333333
2021,"Hungary",6,41,13,1,7,35,4,101,6,"team_size_female",16.6666666666667
2021,"Indonesia",6,41,1,1,42,14,0,99,6,"team_size_male",83.3333333333333
2021,"Indonesia",6,41,1,1,42,14,0,99,6,"team_size_female",16.6666666666667
2021,"Mexico",6,42,0,2,42,12,0,98,6,"team_size_male",100
2021,"Mexico",6,42,0,2,42,12,0,98,6,"team_size_female",0
2021,"Brazil",6,42,0,3,30,21,0,96,6,"team_size_male",100
2021,"Brazil",6,42,0,3,30,21,0,96,6,"team_size_female",0
2021,"Türkiye",6,42,0,2,42,9,1,96,6,"team_size_male",100
2021,"Türkiye",6,42,0,2,42,9,1,96,6,"team_size_female",0
2021,"Armenia",6,36,7,4,37,7,0,91,5,"team_size_male",83.3333333333333
2021,"Armenia",6,36,7,4,37,7,0,91,5,"team_size_female",16.6666666666667
2021,"Saudi Arabia",6,29,0,2,42,17,0,90,6,"team_size_male",100
2021,"Saudi Arabia",6,29,0,2,42,17,0,90,6,"team_size_female",0
2021,"Slovakia",6,36,3,1,21,21,0,82,5,"team_size_male",100
2021,"Slovakia",6,36,3,1,21,21,0,82,5,"team_size_female",0
2021,"Bosnia and Herzegovina",6,38,1,2,28,12,0,81,6,"team_size_male",83.3333333333333
2021,"Bosnia and Herzegovina",6,38,1,2,28,12,0,81,6,"team_size_female",16.6666666666667
2021,"Georgia",6,23,0,2,35,14,0,74,5,"team_size_male",83.3333333333333
2021,"Georgia",6,23,0,2,35,14,0,74,5,"team_size_female",16.6666666666667
2021,"Malaysia",6,31,2,0,27,14,0,74,5,"team_size_male",100
2021,"Malaysia",6,31,2,0,27,14,0,74,5,"team_size_female",0
2021,"Bangladesh",6,24,0,3,41,0,0,68,5,"team_size_male",83.3333333333333
2021,"Bangladesh",6,24,0,3,41,0,0,68,5,"team_size_female",16.6666666666667
2021,"Belgium",6,39,1,0,12,16,0,68,6,"team_size_male",66.6666666666667
2021,"Belgium",6,39,1,0,12,16,0,68,6,"team_size_female",33.3333333333333
2021,"North Macedonia",6,23,0,0,37,7,0,67,5,"team_size_male",66.6666666666667
2021,"North Macedonia",6,23,0,0,37,7,0,67,5,"team_size_female",33.3333333333333
2021,"Argentina",6,34,0,0,17,14,1,66,4,"team_size_male",100
2021,"Argentina",6,34,0,0,17,14,1,66,4,"team_size_female",0
2021,"Netherlands",6,29,0,0,35,1,0,65,5,"team_size_male",100
2021,"Netherlands",6,29,0,0,35,1,0,65,5,"team_size_female",0
2021,"Latvia",6,32,2,0,22,8,0,64,6,"team_size_male",83.3333333333333
2021,"Latvia",6,32,2,0,22,8,0,64,6,"team_size_female",16.6666666666667
2021,"Switzerland",6,30,0,0,21,13,0,64,4,"team_size_male",83.3333333333333
2021,"Switzerland",6,30,0,0,21,13,0,64,4,"team_size_female",16.6666666666667
2021,"Estonia",6,35,0,0,18,10,0,63,5,"team_size_male",100
2021,"Estonia",6,35,0,0,18,10,0,63,5,"team_size_female",0
2021,"Azerbaijan",6,32,0,1,28,1,0,62,5,"team_size_male",83.3333333333333
2021,"Azerbaijan",6,32,0,1,28,1,0,62,5,"team_size_female",16.6666666666667
2021,"Republic of Moldova",6,23,0,2,37,0,0,62,5,"team_size_male",83.3333333333333
2021,"Republic of Moldova",6,23,0,2,37,0,0,62,5,"team_size_female",16.6666666666667
2021,"Norway",6,39,1,1,7,14,0,62,5,"team_size_male",100
2021,"Norway",6,39,1,1,7,14,0,62,5,"team_size_female",0
2021,"Macau",6,31,0,1,7,21,0,60,5,"team_size_male",83.3333333333333
2021,"Macau",6,31,0,1,7,21,0,60,5,"team_size_female",16.6666666666667
2021,"Portugal",6,30,1,0,22,7,0,60,4,"team_size_male",83.3333333333333
2021,"Portugal",6,30,1,0,22,7,0,60,4,"team_size_female",16.6666666666667
2021,"Tunisia",6,24,1,0,25,7,0,57,4,"team_size_male",100
2021,"Tunisia",6,24,1,0,25,7,0,57,4,"team_size_female",0
2021,"Sweden",6,21,0,0,14,21,0,56,3,"team_size_male",100
2021,"Sweden",6,21,0,0,14,21,0,56,3,"team_size_female",0
2021,"Turkmenistan",6,19,0,1,35,0,0,55,5,"team_size_male",83.3333333333333
2021,"Turkmenistan",6,19,0,1,35,0,0,55,5,"team_size_female",16.6666666666667
2021,"Tajikistan",6,29,0,2,23,0,0,54,4,"team_size_male",100
2021,"Tajikistan",6,29,0,2,23,0,0,54,4,"team_size_female",0
2021,"South Africa",6,25,0,0,16,12,0,53,4,"team_size_male",66.6666666666667
2021,"South Africa",6,25,0,0,16,12,0,53,4,"team_size_female",33.3333333333333
2021,"Colombia",6,26,1,0,15,7,2,51,3,"team_size_male",100
2021,"Colombia",6,26,1,0,15,7,2,51,3,"team_size_female",0
2021,"Uzbekistan",6,23,0,1,18,9,0,51,3,"team_size_male",100
2021,"Uzbekistan",6,23,0,1,18,9,0,51,3,"team_size_female",0
2021,"Spain",6,34,0,0,9,7,0,50,4,"team_size_male",100
2021,"Spain",6,34,0,0,9,7,0,50,4,"team_size_female",0
2021,"Austria",6,20,0,0,6,21,0,47,3,"team_size_male",83.3333333333333
2021,"Austria",6,20,0,0,6,21,0,47,3,"team_size_female",16.6666666666667
2021,"Greece",6,16,0,2,29,0,0,47,3,"team_size_male",100
2021,"Greece",6,16,0,2,29,0,0,47,3,"team_size_female",0
2021,"Slovenia",6,21,1,1,17,7,0,47,4,"team_size_male",83.3333333333333
2021,"Slovenia",6,21,1,1,17,7,0,47,4,"team_size_female",16.6666666666667
2021,"Denmark",6,13,1,0,28,4,0,46,4,"team_size_male",100
2021,"Denmark",6,13,1,0,28,4,0,46,4,"team_size_female",0
2021,"Syria",6,21,0,1,21,1,0,44,4,"team_size_male",100
2021,"Syria",6,21,0,1,21,1,0,44,4,"team_size_female",0
2021,"Finland",6,31,0,0,10,0,0,41,4,"team_size_male",66.6666666666667
2021,"Finland",6,31,0,0,10,0,0,41,4,"team_size_female",33.3333333333333
2021,"New Zealand",6,24,1,0,2,14,0,41,2,"team_size_male",83.3333333333333
2021,"New Zealand",6,24,1,0,2,14,0,41,2,"team_size_female",16.6666666666667
2021,"El Salvador",5,22,0,0,15,0,0,37,2,"team_size_male",100
2021,"El Salvador",5,22,0,0,15,0,0,37,2,"team_size_female",0
2021,"Panama",3,16,0,1,16,3,0,36,2,"team_size_male",100
2021,"Panama",3,16,0,1,16,3,0,36,2,"team_size_female",0
2021,"Ecuador",6,14,0,0,20,0,0,34,2,"team_size_male",83.3333333333333
2021,"Ecuador",6,14,0,0,20,0,0,34,2,"team_size_female",16.6666666666667
2021,"Kyrgyzstan",6,13,0,0,19,2,0,34,2,"team_size_male",100
2021,"Kyrgyzstan",6,13,0,0,19,2,0,34,2,"team_size_female",0
2021,"Morocco",6,10,0,0,16,7,0,33,3,"team_size_male",83.3333333333333
2021,"Morocco",6,10,0,0,16,7,0,33,3,"team_size_female",16.6666666666667
2021,"Lithuania",6,19,1,0,2,9,0,31,1,"team_size_male",100
2021,"Lithuania",6,19,1,0,2,9,0,31,1,"team_size_female",0
2021,"Bolivia",6,14,0,0,14,0,0,28,1,"team_size_male",100
2021,"Bolivia",6,14,0,0,14,0,0,28,1,"team_size_female",0
2021,"Cyprus",6,19,0,0,9,0,0,28,2,"team_size_male",100
2021,"Cyprus",6,19,0,0,9,0,0,28,2,"team_size_female",0
2021,"Montenegro",4,13,0,1,7,6,0,27,2,"team_size_male",100
2021,"Montenegro",4,13,0,1,7,6,0,27,2,"team_size_female",0
2021,"Puerto Rico",6,11,0,0,15,1,0,27,2,"team_size_male",83.3333333333333
2021,"Puerto Rico",6,11,0,0,15,1,0,27,2,"team_size_female",16.6666666666667
2021,"Nicaragua",6,11,0,0,14,0,0,25,2,"team_size_male",100
2021,"Nicaragua",6,11,0,0,14,0,0,25,2,"team_size_female",0
2021,"Sri Lanka",6,16,0,0,9,0,0,25,2,"team_size_male",100
2021,"Sri Lanka",6,16,0,0,9,0,0,25,2,"team_size_female",0
2021,"Venezuela",4,15,0,0,9,0,0,24,2,"team_size_male",50
2021,"Venezuela",4,15,0,0,9,0,0,24,2,"team_size_female",50
2021,"Chile",6,14,0,1,8,0,0,23,2,"team_size_male",83.3333333333333
2021,"Chile",6,14,0,1,8,0,0,23,2,"team_size_female",16.6666666666667
2021,"Costa Rica",6,12,0,0,9,2,0,23,1,"team_size_male",66.6666666666667
2021,"Costa Rica",6,12,0,0,9,2,0,23,1,"team_size_female",33.3333333333333
2021,"Kosovo",6,11,0,0,12,0,0,23,1,"team_size_male",83.3333333333333
2021,"Kosovo",6,11,0,0,12,0,0,23,1,"team_size_female",16.6666666666667
2021,"Paraguay",6,9,1,0,7,1,0,18,1,"team_size_male",66.6666666666667
2021,"Paraguay",6,9,1,0,7,1,0,18,1,"team_size_female",33.3333333333333
2021,"Uruguay",4,13,0,0,4,0,0,17,1,"team_size_male",100
2021,"Uruguay",4,13,0,0,4,0,0,17,1,"team_size_female",0
2021,"Algeria",6,13,0,0,3,0,0,16,0,"team_size_male",50
2021,"Algeria",6,13,0,0,3,0,0,16,0,"team_size_female",50
2021,"Iraq",5,8,0,1,7,0,0,16,1,"team_size_male",80
2021,"Iraq",5,8,0,1,7,0,0,16,1,"team_size_female",20
2021,"Nepal",6,11,0,0,0,4,0,15,1,"team_size_male",83.3333333333333
2021,"Nepal",6,11,0,0,0,4,0,15,1,"team_size_female",16.6666666666667
2021,"Honduras",6,6,0,0,7,0,0,13,1,"team_size_male",100
2021,"Honduras",6,6,0,0,7,0,0,13,1,"team_size_female",0
2021,"Ireland",6,4,0,0,1,7,0,12,1,"team_size_male",83.3333333333333
2021,"Ireland",6,4,0,0,1,7,0,12,1,"team_size_female",16.6666666666667
2021,"Albania",6,11,0,0,0,0,0,11,1,"team_size_male",83.3333333333333
2021,"Albania",6,11,0,0,0,0,0,11,1,"team_size_female",16.6666666666667
2021,"Ghana",4,11,0,0,0,0,0,11,1,"team_size_male",100
2021,"Ghana",4,11,0,0,0,0,0,11,1,"team_size_female",0
2021,"Iceland",6,11,0,0,0,0,0,11,1,"team_size_male",83.3333333333333
2021,"Iceland",6,11,0,0,0,0,0,11,1,"team_size_female",16.6666666666667
2021,"Trinidad and Tobago",4,7,0,0,3,0,0,10,1,"team_size_male",50
2021,"Trinidad and Tobago",4,7,0,0,3,0,0,10,1,"team_size_female",50
2021,"Luxembourg",2,0,0,0,7,0,0,7,1,"team_size_male",50
2021,"Luxembourg",2,0,0,0,7,0,0,7,1,"team_size_female",50
2021,"Mauritania",6,3,0,0,4,0,0,7,0,"team_size_male",100
2021,"Mauritania",6,3,0,0,4,0,0,7,0,"team_size_female",0
2021,"Nigeria",6,5,0,1,0,0,0,6,0,"team_size_male",100
2021,"Nigeria",6,5,0,1,0,0,0,6,0,"team_size_female",0
2021,"Rwanda",6,0,0,1,2,0,0,3,0,"team_size_male",50
2021,"Rwanda",6,0,0,1,2,0,0,3,0,"team_size_female",50
2021,"Uganda",6,2,0,0,1,0,0,3,0,"team_size_male",66.6666666666667
2021,"Uganda",6,2,0,0,1,0,0,3,0,"team_size_female",33.3333333333333
2021,"Egypt",2,1,0,0,0,1,0,2,0,"team_size_male",100
2021,"Egypt",2,1,0,0,0,1,0,2,0,"team_size_female",0
2021,"Kenya",6,0,0,0,2,0,0,2,0,"team_size_male",100
2021,"Kenya",6,0,0,0,2,0,0,2,0,"team_size_female",0
2021,"Oman",6,1,0,0,1,0,0,2,0,"team_size_male",66.6666666666667
2021,"Oman",6,1,0,0,1,0,0,2,0,"team_size_female",33.3333333333333
2021,"Pakistan",6,1,0,0,1,0,0,2,0,"team_size_male",83.3333333333333
2021,"Pakistan",6,1,0,0,1,0,0,2,0,"team_size_female",16.6666666666667
2021,"Botswana",6,0,0,0,0,0,0,0,0,"team_size_male",100
2021,"Botswana",6,0,0,0,0,0,0,0,0,"team_size_female",0
2020,"People's Republic of China",6,42,38,31,42,42,20,215,6,"team_size_male",83.3333333333333
2020,"People's Republic of China",6,42,38,31,42,42,20,215,6,"team_size_female",16.6666666666667
2020,"Russian Federation",6,42,31,28,42,36,6,185,6,"team_size_male",100
2020,"Russian Federation",6,42,31,28,42,36,6,185,6,"team_size_female",0
2020,"United States of America",6,42,36,15,42,42,6,183,6,"team_size_male",100
2020,"United States of America",6,42,36,15,42,42,6,183,6,"team_size_female",0
2020,"Republic of Korea",6,42,32,22,38,36,5,175,6,"team_size_male",100
2020,"Republic of Korea",6,42,32,22,38,36,5,175,6,"team_size_female",0
2020,"Thailand",6,42,37,15,42,36,2,174,6,"team_size_male",100
2020,"Thailand",6,42,37,15,42,36,2,174,6,"team_size_female",0
2020,"Italy",6,42,30,13,41,42,3,171,6,"team_size_male",100
2020,"Italy",6,42,30,13,41,42,3,171,6,"team_size_female",0
2020,"Poland",6,42,26,14,42,42,5,171,6,"team_size_male",83.3333333333333
2020,"Poland",6,42,26,14,42,42,5,171,6,"team_size_female",16.6666666666667
2020,"Australia",6,42,32,16,42,30,6,168,6,"team_size_male",100
2020,"Australia",6,42,32,16,42,30,6,168,6,"team_size_female",0
2020,"United Kingdom",6,42,32,4,42,42,5,167,6,"team_size_male",83.3333333333333
2020,"United Kingdom",6,42,32,4,42,42,5,167,6,"team_size_female",16.6666666666667
2020,"Brazil",6,42,28,12,37,42,4,165,6,"team_size_male",100
2020,"Brazil",6,42,28,12,37,42,4,165,6,"team_size_female",0
2020,"Ukraine",6,42,37,4,41,35,5,164,6,"team_size_male",100
2020,"Ukraine",6,42,37,4,41,35,5,164,6,"team_size_female",0
2020,"Canada",6,42,28,14,42,30,5,161,6,"team_size_male",100
2020,"Canada",6,42,28,14,42,30,5,161,6,"team_size_female",0
2020,"Hungary",6,42,12,24,42,29,11,160,6,"team_size_male",83.3333333333333
2020,"Hungary",6,42,12,24,42,29,11,160,6,"team_size_female",16.6666666666667
2020,"France",6,37,21,17,38,35,6,154,6,"team_size_male",83.3333333333333
2020,"France",6,37,21,17,38,35,6,154,6,"team_size_female",16.6666666666667
2020,"Romania",6,42,24,7,35,42,2,152,6,"team_size_male",100
2020,"Romania",6,42,24,7,35,42,2,152,6,"team_size_female",0
2020,"Singapore",6,42,35,5,36,29,4,151,6,"team_size_male",83.3333333333333
2020,"Singapore",6,42,35,5,36,29,4,151,6,"team_size_female",16.6666666666667
2020,"Vietnam",6,42,24,14,32,36,2,150,6,"team_size_male",83.3333333333333
2020,"Vietnam",6,42,24,14,32,36,2,150,6,"team_size_female",16.6666666666667
2020,"Georgia",6,42,21,11,39,33,3,149,6,"team_size_male",83.3333333333333
2020,"Georgia",6,42,21,11,39,33,3,149,6,"team_size_female",16.6666666666667
2020,"Islamic Republic of Iran",6,42,22,4,36,42,3,149,6,"team_size_male",100
2020,"Islamic Republic of Iran",6,42,22,4,36,42,3,149,6,"team_size_female",0
2020,"Japan",6,42,23,7,38,36,3,149,6,"team_size_male",100
2020,"Japan",6,42,23,7,38,36,3,149,6,"team_size_female",0
2020,"Israel",6,35,13,4,41,42,11,146,6,"team_size_male",100
2020,"Israel",6,35,13,4,41,42,11,146,6,"team_size_female",0
2020,"Kazakhstan",6,42,23,9,42,29,1,146,6,"team_size_male",100
2020,"Kazakhstan",6,42,23,9,42,29,1,146,6,"team_size_female",0
2020,"Czech Republic",6,35,11,18,42,35,4,145,6,"team_size_male",83.3333333333333
2020,"Czech Republic",6,35,11,18,42,35,4,145,6,"team_size_female",16.6666666666667
2020,"Taiwan",6,42,24,12,42,22,3,145,6,"team_size_male",100
2020,"Taiwan",6,42,24,12,42,22,3,145,6,"team_size_female",0
2020,"Serbia",6,42,31,11,29,28,3,144,6,"team_size_male",100
2020,"Serbia",6,42,31,11,29,28,3,144,6,"team_size_female",0
2020,"Germany",6,37,25,0,41,35,2,140,6,"team_size_male",100
2020,"Germany",6,37,25,0,41,35,2,140,6,"team_size_female",0
2020,"Türkiye",6,42,15,7,42,34,0,140,6,"team_size_male",100
2020,"Türkiye",6,42,15,7,42,34,0,140,6,"team_size_female",0
2020,"Hong Kong",6,42,18,11,40,23,5,139,6,"team_size_male",100
2020,"Hong Kong",6,42,18,11,40,23,5,139,6,"team_size_female",0
2020,"Mongolia",6,42,17,14,31,28,3,135,6,"team_size_male",100
2020,"Mongolia",6,42,17,14,31,28,3,135,6,"team_size_female",0
2020,"Netherlands",6,42,8,8,39,29,9,135,6,"team_size_male",83.3333333333333
2020,"Netherlands",6,42,8,8,39,29,9,135,6,"team_size_female",16.6666666666667
2020,"Spain",6,42,18,0,35,36,2,133,6,"team_size_male",100
2020,"Spain",6,42,18,0,35,36,2,133,6,"team_size_female",0
2020,"Croatia",6,42,20,3,35,29,1,130,6,"team_size_male",100
2020,"Croatia",6,42,20,3,35,29,1,130,6,"team_size_female",0
2020,"Indonesia",6,42,23,8,33,22,2,130,6,"team_size_male",100
2020,"Indonesia",6,42,23,8,33,22,2,130,6,"team_size_female",0
2020,"Malaysia",6,36,16,12,36,28,2,130,6,"team_size_male",100
2020,"Malaysia",6,36,16,12,36,28,2,130,6,"team_size_female",0
2020,"Colombia",6,42,26,1,31,28,1,129,6,"team_size_male",100
2020,"Colombia",6,42,26,1,31,28,1,129,6,"team_size_female",0
2020,"Peru",6,40,22,10,33,21,1,127,5,"team_size_male",83.3333333333333
2020,"Peru",6,40,22,10,33,21,1,127,5,"team_size_female",16.6666666666667
2020,"Armenia",6,42,16,7,33,28,0,126,6,"team_size_male",100
2020,"Armenia",6,42,16,7,33,28,0,126,6,"team_size_female",0
2020,"Bangladesh",6,42,18,0,39,18,1,118,6,"team_size_male",100
2020,"Bangladesh",6,42,18,0,39,18,1,118,6,"team_size_female",0
2020,"Bulgaria",6,42,4,10,37,24,1,118,6,"team_size_male",100
2020,"Bulgaria",6,42,4,10,37,24,1,118,6,"team_size_female",0
2020,"Slovakia",6,42,13,2,41,17,2,117,6,"team_size_male",83.3333333333333
2020,"Slovakia",6,42,13,2,41,17,2,117,6,"team_size_female",16.6666666666667
2020,"Slovenia",6,29,18,9,39,21,1,117,6,"team_size_male",100
2020,"Slovenia",6,29,18,9,39,21,1,117,6,"team_size_female",0
2020,"Sweden",6,35,17,7,38,20,0,117,6,"team_size_male",83.3333333333333
2020,"Sweden",6,35,17,7,38,20,0,117,6,"team_size_female",16.6666666666667
2020,"Philippines",6,42,21,7,33,9,1,113,6,"team_size_male",100
2020,"Philippines",6,42,21,7,33,9,1,113,6,"team_size_female",0
2020,"Portugal",6,37,18,0,27,28,2,112,6,"team_size_male",100
2020,"Portugal",6,37,18,0,27,28,2,112,6,"team_size_female",0
2020,"Belarus",6,42,7,14,42,6,0,111,6,"team_size_male",83.3333333333333
2020,"Belarus",6,42,7,14,42,6,0,111,6,"team_size_female",16.6666666666667
2020,"Mexico",6,42,7,9,31,22,0,111,6,"team_size_male",83.3333333333333
2020,"Mexico",6,42,7,9,31,22,0,111,6,"team_size_female",16.6666666666667
2020,"New Zealand",6,29,12,8,35,18,0,102,6,"team_size_male",100
2020,"New Zealand",6,29,12,8,35,18,0,102,6,"team_size_female",0
2020,"Syria",6,42,14,4,20,22,0,102,6,"team_size_male",100
2020,"Syria",6,42,14,4,20,22,0,102,6,"team_size_female",0
2020,"Switzerland",6,32,16,7,36,9,0,100,5,"team_size_male",83.3333333333333
2020,"Switzerland",6,32,16,7,36,9,0,100,5,"team_size_female",16.6666666666667
2020,"Argentina",6,38,9,3,29,19,1,99,5,"team_size_male",83.3333333333333
2020,"Argentina",6,38,9,3,29,19,1,99,5,"team_size_female",16.6666666666667
2020,"Belgium",6,34,18,7,22,17,1,99,5,"team_size_male",83.3333333333333
2020,"Belgium",6,34,18,7,22,17,1,99,5,"team_size_female",16.6666666666667
2020,"Republic of Moldova",6,35,18,7,15,22,0,97,5,"team_size_male",83.3333333333333
2020,"Republic of Moldova",6,35,18,7,15,22,0,97,5,"team_size_female",16.6666666666667
2020,"Denmark",6,42,9,8,29,7,0,95,6,"team_size_male",100
2020,"Denmark",6,42,9,8,29,7,0,95,6,"team_size_female",0
2020,"Lithuania",6,35,9,4,32,14,0,94,6,"team_size_male",100
2020,"Lithuania",6,35,9,4,32,14,0,94,6,"team_size_female",0
2020,"Greece",6,42,19,0,9,16,0,86,6,"team_size_male",100
2020,"Greece",6,42,19,0,9,16,0,86,6,"team_size_female",0
2020,"Bosnia and Herzegovina",6,41,7,1,22,14,0,85,6,"team_size_male",100
2020,"Bosnia and Herzegovina",6,41,7,1,22,14,0,85,6,"team_size_female",0
2020,"Estonia",6,35,9,1,28,10,1,84,6,"team_size_male",100
2020,"Estonia",6,35,9,1,28,10,1,84,6,"team_size_female",0
2020,"Norway",6,21,7,4,36,14,1,83,5,"team_size_male",100
2020,"Norway",6,21,7,4,36,14,1,83,5,"team_size_female",0
2020,"Saudi Arabia",6,35,6,8,24,8,1,82,6,"team_size_male",83.3333333333333
2020,"Saudi Arabia",6,35,6,8,24,8,1,82,6,"team_size_female",16.6666666666667
2020,"Finland",6,11,8,0,36,23,3,81,5,"team_size_male",100
2020,"Finland",6,11,8,0,36,23,3,81,5,"team_size_female",0
2020,"South Africa",6,38,7,1,22,8,1,77,6,"team_size_male",66.6666666666667
2020,"South Africa",6,38,7,1,22,8,1,77,6,"team_size_female",33.3333333333333
2020,"Sri Lanka",6,42,16,0,10,9,0,77,6,"team_size_male",83.3333333333333
2020,"Sri Lanka",6,42,16,0,10,9,0,77,6,"team_size_female",16.6666666666667
2020,"Macau",6,29,13,1,17,16,0,76,5,"team_size_male",100
2020,"Macau",6,29,13,1,17,16,0,76,5,"team_size_female",0
2020,"Ecuador",6,42,13,1,14,1,0,71,6,"team_size_male",100
2020,"Ecuador",6,42,13,1,14,1,0,71,6,"team_size_female",0
2020,"Austria",6,28,6,5,18,8,1,66,5,"team_size_male",66.6666666666667
2020,"Austria",6,28,6,5,18,8,1,66,5,"team_size_female",33.3333333333333
2020,"Azerbaijan",6,42,14,0,6,4,0,66,6,"team_size_male",100
2020,"Azerbaijan",6,42,14,0,6,4,0,66,6,"team_size_female",0
2020,"Latvia",6,21,0,1,42,0,0,64,6,"team_size_male",100
2020,"Latvia",6,21,0,1,42,0,0,64,6,"team_size_female",0
2020,"El Salvador",5,34,13,1,13,0,0,61,4,"team_size_male",100
2020,"El Salvador",5,34,13,1,13,0,0,61,4,"team_size_female",0
2020,"Uzbekistan",6,42,8,1,6,3,0,60,6,"team_size_male",100
2020,"Uzbekistan",6,42,8,1,6,3,0,60,6,"team_size_female",0
2020,"Ireland",6,36,6,1,10,0,0,53,5,"team_size_male",50
2020,"Ireland",6,36,6,1,10,0,0,53,5,"team_size_female",50
2020,"Tunisia",6,31,4,3,7,7,0,52,4,"team_size_male",100
2020,"Tunisia",6,31,4,3,7,7,0,52,4,"team_size_female",0
2020,"North Macedonia",6,38,10,0,0,3,0,51,5,"team_size_male",83.3333333333333
2020,"North Macedonia",6,38,10,0,0,3,0,51,5,"team_size_female",16.6666666666667
2020,"Montenegro",6,14,14,1,14,7,0,50,4,"team_size_male",100
2020,"Montenegro",6,14,14,1,14,7,0,50,4,"team_size_female",0
2020,"Tajikistan",6,35,1,1,4,6,0,47,5,"team_size_male",100
2020,"Tajikistan",6,35,1,1,4,6,0,47,5,"team_size_female",0
2020,"Paraguay",6,28,2,0,8,6,0,44,4,"team_size_male",83.3333333333333
2020,"Paraguay",6,28,2,0,8,6,0,44,4,"team_size_female",16.6666666666667
2020,"Kyrgyzstan",6,27,3,0,0,12,0,42,3,"team_size_male",100
2020,"Kyrgyzstan",6,27,3,0,0,12,0,42,3,"team_size_female",0
2020,"Albania",6,26,7,1,5,1,0,40,3,"team_size_male",66.6666666666667
2020,"Albania",6,26,7,1,5,1,0,40,3,"team_size_female",33.3333333333333
2020,"Kosovo",6,35,1,1,1,0,0,38,5,"team_size_male",100
2020,"Kosovo",6,35,1,1,1,0,0,38,5,"team_size_female",0
2020,"Puerto Rico",6,15,2,0,21,0,0,38,4,"team_size_male",83.3333333333333
2020,"Puerto Rico",6,15,2,0,21,0,0,38,4,"team_size_female",16.6666666666667
2020,"Cyprus",6,15,2,0,14,5,0,36,3,"team_size_male",100
2020,"Cyprus",6,15,2,0,14,5,0,36,3,"team_size_female",0
2020,"Uruguay",6,28,2,1,4,1,0,36,4,"team_size_male",100
2020,"Uruguay",6,28,2,1,4,1,0,36,4,"team_size_female",0
2020,"Pakistan",6,21,6,4,3,0,0,34,3,"team_size_male",100
2020,"Pakistan",6,21,6,4,3,0,0,34,3,"team_size_female",0
2020,"Venezuela",4,28,1,1,3,0,0,33,4,"team_size_male",25
2020,"Venezuela",4,28,1,1,3,0,0,33,4,"team_size_female",75
2020,"Panama",6,15,2,5,10,0,0,32,2,"team_size_male",100
2020,"Panama",6,15,2,5,10,0,0,32,2,"team_size_female",0
2020,"Turkmenistan",6,28,2,0,0,1,0,31,4,"team_size_male",100
2020,"Turkmenistan",6,28,2,0,0,1,0,31,4,"team_size_female",0
2020,"Nigeria",5,14,7,0,7,2,0,30,2,"team_size_male",100
2020,"Nigeria",5,14,7,0,7,2,0,30,2,"team_size_female",0
2020,"Uganda",6,23,2,1,3,0,0,29,3,"team_size_male",100
2020,"Uganda",6,23,2,1,3,0,0,29,3,"team_size_female",0
2020,"Costa Rica",6,14,5,1,8,0,0,28,2,"team_size_male",83.3333333333333
2020,"Costa Rica",6,14,5,1,8,0,0,28,2,"team_size_female",16.6666666666667
2020,"Honduras",5,23,0,0,5,0,0,28,3,"team_size_male",100
2020,"Honduras",5,23,0,0,5,0,0,28,3,"team_size_female",0
2020,"Morocco",6,18,7,0,0,1,0,26,2,"team_size_male",66.6666666666667
2020,"Morocco",6,18,7,0,0,1,0,26,2,"team_size_female",33.3333333333333
2020,"Myanmar",6,22,0,1,0,0,0,23,3,"team_size_male",66.6666666666667
2020,"Myanmar",6,22,0,1,0,0,0,23,3,"team_size_female",33.3333333333333
2020,"Iceland",6,8,2,0,9,3,0,22,1,"team_size_male",100
2020,"Iceland",6,8,2,0,9,3,0,22,1,"team_size_female",0
2020,"Bolivia",6,14,1,3,3,0,0,21,2,"team_size_male",100
2020,"Bolivia",6,14,1,3,3,0,0,21,2,"team_size_female",0
2020,"Ghana",5,7,2,2,3,7,0,21,1,"team_size_male",80
2020,"Ghana",5,7,2,2,3,7,0,21,1,"team_size_female",20
2020,"Chile",6,8,3,1,7,0,0,19,1,"team_size_male",66.6666666666667
2020,"Chile",6,8,3,1,7,0,0,19,1,"team_size_female",33.3333333333333
2020,"Nicaragua",6,15,4,0,0,0,0,19,2,"team_size_male",100
2020,"Nicaragua",6,15,4,0,0,0,0,19,2,"team_size_female",0
2020,"Iraq",6,8,2,0,5,0,0,15,1,"team_size_male",83.3333333333333
2020,"Iraq",6,8,2,0,5,0,0,15,1,"team_size_female",16.6666666666667
2020,"Tanzania",4,2,7,2,3,0,0,14,1,"team_size_male",75
2020,"Tanzania",4,2,7,2,3,0,0,14,1,"team_size_female",25
2020,"Trinidad and Tobago",6,7,0,2,4,0,0,13,0,"team_size_male",100
2020,"Trinidad and Tobago",6,7,0,2,4,0,0,13,0,"team_size_female",0
2020,"Algeria",5,3,2,0,0,0,0,5,0,"team_size_male",80
2020,"Algeria",5,3,2,0,0,0,0,5,0,"team_size_female",20
2020,"Botswana",6,1,2,2,0,0,0,5,0,"team_size_male",83.3333333333333
2020,"Botswana",6,1,2,2,0,0,0,5,0,"team_size_female",16.6666666666667
2020,"Nepal",6,1,2,1,0,0,0,4,0,"team_size_male",100
2020,"Nepal",6,1,2,1,0,0,0,4,0,"team_size_female",0
2020,"Luxembourg",2,0,0,0,3,0,0,3,0,"team_size_male",50
2020,"Luxembourg",2,0,0,0,3,0,0,3,0,"team_size_female",50
2020,"Kenya",5,0,2,0,0,0,0,2,0,"team_size_male",60
2020,"Kenya",5,0,2,0,0,0,0,2,0,"team_size_female",40
2020,"Oman",6,0,1,1,0,0,0,2,0,"team_size_male",16.6666666666667
2020,"Oman",6,0,1,1,0,0,0,2,0,"team_size_female",83.3333333333333
